Datetime,Water Level (m)
2025-05-07 12:00:00,0.52999973
2025-05-07 13:00:00,0.44834822
2025-05-07 14:00:00,0.23355027
2025-05-07 15:00:00,-0.06752754
2025-05-07 16:00:00,-0.3499492
2025-05-07 17:00:00,-0.5310581
2025-05-07 18:00:00,-0.5929772
2025-05-07 19:00:00,-0.51574945
2025-05-07 20:00:00,-0.298191
2025-05-07 21:00:00,-0.018991483
2025-05-07 22:00:00,0.23180296
2025-05-07 23:00:00,0.42766806
2025-05-08 00:00:00,0.5392912
2025-05-08 01:00:00,0.52827394
2025-05-08 02:00:00,0.3803297
2025-05-08 03:00:00,0.14628452
2025-05-08 04:00:00,-0.10543609
2025-05-08 05:00:00,-0.3265628
2025-05-08 06:00:00,-0.44575983
2025-05-08 07:00:00,-0.426937
2025-05-08 08:00:00,-0.27995744
2025-05-08 09:00:00,-0.027069304
2025-05-08 10:00:00,0.24301401
2025-05-08 11:00:00,0.46516415
2025-05-08 12:00:00,0.57964474
2025-05-08 13:00:00,0.5624279
2025-05-08 14:00:00,0.39649972
2025-05-08 15:00:00,0.1022738
2025-05-08 16:00:00,-0.21280824
2025-05-08 17:00:00,-0.47934407
2025-05-08 18:00:00,-0.6344621
2025-05-08 19:00:00,-0.6534188
2025-05-08 20:00:00,-0.5006101
2025-05-08 21:00:00,-0.22111918
2025-05-08 22:00:00,0.10426095
2025-05-08 23:00:00,0.3988037
2025-05-09 00:00:00,0.6047044
2025-05-09 01:00:00,0.6879557
2025-05-09 02:00:00,0.5980194
2025-05-09 03:00:00,0.36984625
2025-05-09 04:00:00,0.0645553
2025-05-09 05:00:00,-0.24080414
2025-05-09 06:00:00,-0.46221212
2025-05-09 07:00:00,-0.53359073
2025-05-09 08:00:00,-0.45775163
2025-05-09 09:00:00,-0.2396159
2025-05-09 10:00:00,0.06312608
2025-05-09 11:00:00,0.36079642
2025-05-09 12:00:00,0.56277305
2025-05-09 13:00:00,0.63422775
2025-05-09 14:00:00,0.55347574
2025-05-09 15:00:00,0.31150278
2025-05-09 16:00:00,-0.027982669
2025-05-09 17:00:00,-0.37280607
2025-05-09 18:00:00,-0.63225603
2025-05-09 19:00:00,-0.73604155
2025-05-09 20:00:00,-0.65429986
2025-05-09 21:00:00,-0.40713513
2025-05-09 22:00:00,-0.04466697
2025-05-09 23:00:00,0.32466435
2025-05-10 00:00:00,0.6209054
2025-05-10 01:00:00,0.8014425
2025-05-10 02:00:00,0.7923778
2025-05-10 03:00:00,0.5927965
2025-05-10 04:00:00,0.2836335
2025-05-10 05:00:00,-0.08108017
2025-05-10 06:00:00,-0.40151513
2025-05-10 07:00:00,-0.58438975
2025-05-10 08:00:00,-0.58988243
2025-05-10 09:00:00,-0.433729
2025-05-10 10:00:00,-0.15539859
2025-05-10 11:00:00,0.1941208
2025-05-10 12:00:00,0.48528486
2025-05-10 13:00:00,0.6341288
2025-05-10 14:00:00,0.6447666
2025-05-10 15:00:00,0.47143334
2025-05-10 16:00:00,0.13816121
2025-05-10 17:00:00,-0.23961519
2025-05-10 18:00:00,-0.57707226
2025-05-10 19:00:00,-0.77727836
2025-05-10 20:00:00,-0.7997864
2025-05-10 21:00:00,-0.60498524
2025-05-10 22:00:00,-0.26761088
2025-05-10 23:00:00,0.14078122
2025-05-11 00:00:00,0.5179128
2025-05-11 01:00:00,0.7829312
2025-05-11 02:00:00,0.8744497
2025-05-11 03:00:00,0.77935016
2025-05-11 04:00:00,0.5256542
2025-05-11 05:00:00,0.15218367
2025-05-11 06:00:00,-0.2389507
2025-05-11 07:00:00,-0.5304345
2025-05-11 08:00:00,-0.65592575
2025-05-11 09:00:00,-0.5813718
2025-05-11 10:00:00,-0.33460188
2025-05-11 11:00:00,0.027653223
2025-05-11 12:00:00,0.37606084
2025-05-11 13:00:00,0.62332207
2025-05-11 14:00:00,0.71306556
2025-05-11 15:00:00,0.6154416
2025-05-11 16:00:00,0.33967397
2025-05-11 17:00:00,-0.05241223
2025-05-11 18:00:00,-0.4281915
2025-05-11 19:00:00,-0.733262
2025-05-11 20:00:00,-0.8423907
2025-05-11 21:00:00,-0.7414252
2025-05-11 22:00:00,-0.4591959
2025-05-11 23:00:00,-0.05670094
2025-05-12 00:00:00,0.38203993
2025-05-12 01:00:00,0.7339859
2025-05-12 02:00:00,0.92291427
2025-05-12 03:00:00,0.9206284
2025-05-12 04:00:00,0.7305314
2025-05-12 05:00:00,0.385689
2025-05-12 06:00:00,-0.024612414
2025-05-12 07:00:00,-0.3994299
2025-05-12 08:00:00,-0.6341969
2025-05-12 09:00:00,-0.6714922
2025-05-12 10:00:00,-0.5175112
2025-05-12 11:00:00,-0.20157917
2025-05-12 12:00:00,0.1787004
2025-05-12 13:00:00,0.49660876
2025-05-12 14:00:00,0.68866205
2025-05-12 15:00:00,0.6693073
2025-05-12 16:00:00,0.4562363
2025-05-12 17:00:00,0.12914419
2025-05-12 18:00:00,-0.26007348
2025-05-12 19:00:00,-0.62361604
2025-05-12 20:00:00,-0.8156308
2025-05-12 21:00:00,-0.8250447
2025-05-12 22:00:00,-0.64244485
2025-05-12 23:00:00,-0.28078952
2025-05-13 00:00:00,0.15912382
2025-05-13 01:00:00,0.58731
2025-05-13 02:00:00,0.8697218
2025-05-13 03:00:00,0.99375653
2025-05-13 04:00:00,0.8809755
2025-05-13 05:00:00,0.59792674
2025-05-13 06:00:00,0.2028344
2025-05-13 07:00:00,-0.20587467
2025-05-13 08:00:00,-0.5265479
2025-05-13 09:00:00,-0.67915946
2025-05-13 10:00:00,-0.61460686
2025-05-13 11:00:00,-0.37786493
2025-05-13 12:00:00,-0.04565411
